ID;Income (anual);sex;UBICACION;Fecha nacimiento;Area;Fecha Ingreso
1;135455;H;LIMA;18932;BUSINESS DEVELOPMENT & DIGITAL BANKIN;3/04/1972
4;106231;H;LIMA;19265;BUSINESS DEVELOPMENT & DIGITAL BANKIN;7/09/1972
6;118420;M;LIMA;18296;ENGINEERING;3/08/1967
7;147378;M;LIMA;20280;ENGINEERING;19/01/1976
8;145760;M;LIMA;20726;BUSINESS DEVELOPMENT & DIGITAL BANKIN;16/03/1976
9;95394;H;LIMA;19922;OTROS;27/01/1976
11;110684;H;LIMA;21400;ENGINEERING;16/06/1976
13;132997;H;LIMA;19940;ENGINEERING;19/07/1976
14;109888;H;LIMA;21341;CORPORATE & INVESTMENT BANKING;9/08/1976
20;103657;M;LIMA;18150;OTROS;19/09/1977
21;89011;H;LIMA;21164;TALENTO & CULTURA;1/10/1977
22;113905;H;LIMA;21135;ENGINEERING;15/08/1977
23;135973;M;LIMA;20125;BUSINESS DEVELOPMENT & DIGITAL BANKIN;1/08/2006
34;80203;M;LIMA;21091;TALENTO & CULTURA;1/02/1978
35;95390;M;LIMA;17942;TALENTO & CULTURA;19/02/1979
44;107024;H;LIMA;22266;ENGINEERING;25/06/1980
45;100204;H;LIMA;21406;TALENTO & CULTURA;11/08/1980
57;91236;H;LIMA;20868;TALENTO & CULTURA;28/01/1981
74;125494;H;LIMA;20174;ENGINEERING;21/12/1981
76;93711;H;LIMA;22065;RIESGOS;18/01/1982
77;124090;M;LIMA;21287;BANCA EMPRESAS E INSTITUCIONES;7/09/1981
79;94716;M;LIMA;21105;TALENTO & CULTURA;29/03/1982
91;66143;M;LIMA;21066;OTROS;2/07/1982
103;77520;M;LIMA;22448;RIESGOS;2/12/1982
104;107529;H;LIMA;22103;ENGINEERING;20/12/1982
105;148732;M;LIMA;19442;BANCA EMPRESAS E INSTITUCIONES;27/12/1982
119;128800;H;LIMA;21589;ENGINEERING;13/03/1981
120;96848;H;LIMA;20611;TALENTO & CULTURA;8/09/1980
130;102631;M;LIMA;20548;TALENTO & CULTURA;4/04/1983
131;74978;H;LIMA;20837;TALENTO & CULTURA;25/05/1983
132;113302;M;LIMA;20371;BANCA EMPRESAS E INSTITUCIONES;1/05/1977
134;138030;M;LIMA;21230;BANCA EMPRESAS E INSTITUCIONES;1/04/1981
135;100845;M;LIMA;20462;TALENTO & CULTURA;16/11/1978
140;89457;H;LIMA;20139;TALENTO & CULTURA;24/10/1980
149;148679;M;LIMA;21578;BUSINESS DEVELOPMENT & DIGITAL BANKIN;16/04/1980
159;77940;M;LIMA;22195;TALENTO & CULTURA;16/05/1980
165;62942;M;LIMA;22614;OTROS;13/08/1984
171;91043;M;LIMA;22322;RIESGOS;10/09/1984
175;134887;H;LIMA;21080;BUSINESS DEVELOPMENT & DIGITAL BANKIN;19/11/1984
184;74652;M;LIMA;20750;RIESGOS;9/01/1985
189;140116;M;LIMA;22178;ENGINEERING;18/03/1985
191;95299;M;LIMA;24224;RIESGOS;20/05/1985
199;146064;H;LIMA;19964;BUSINESS DEVELOPMENT & DIGITAL BANKIN;9/12/1985
200;116770;H;LIMA;23760;ENGINEERING;9/12/1985
201;96570;M;LIMA;21430;RIESGOS;10/12/1985
206;126909;H;LIMA;22995;ENGINEERING;13/02/1986
211;141971;M;PROVINCIA;21514;ENGINEERING;4/08/1986
214;146499;H;LIMA;21832;ENGINEERING;15/08/1986
230;117115;H;LIMA;21746;CORPORATE & INVESTMENT BANKING;26/03/1987
239;143207;M;LIMA;22439;ENGINEERING;5/05/1987
256;111296;H;LIMA;23806;BANCA EMPRESAS E INSTITUCIONES;10/08/1987
266;95156;H;LIMA;22549;RIESGOS;1/08/1980
270;131342;H;LIMA;19056;ENGINEERING;11/11/1985
275;101215;M;LIMA;23840;TALENTO & CULTURA;14/12/1987
283;145420;H;LIMA;21836;BUSINESS DEVELOPMENT & DIGITAL BANKIN;4/01/1988
289;139561;M;LIMA;22064;CORPORATE & INVESTMENT BANKING;1/03/1988
297;140652;H;PROVINCIA;21038;ENGINEERING;9/05/1988
306;67915;H;LIMA;22975;OTROS;7/07/1988
318;143196;H;LIMA;23678;ENGINEERING;28/11/1988
330;66107;M;LIMA;24626;OTROS;20/02/1989
339;113644;M;PROVINCIA;24009;BANCA EMPRESAS E INSTITUCIONES;5/04/1989
355;128873;M;LIMA;23262;BANCA EMPRESAS E INSTITUCIONES;17/07/1989
364;93174;H;PROVINCIA;24019;OTROS;28/08/1989
365;133381;M;PROVINCIA;24417;ENGINEERING;4/09/1989
377;111223;H;LIMA;23223;ENGINEERING;25/10/1989
382;139983;H;LIMA;22849;BUSINESS DEVELOPMENT & DIGITAL BANKIN;13/11/1989
387;74828;M;LIMA;20462;RIESGOS;2/01/1990
388;122649;H;LIMA;24403;ENGINEERING;15/01/1990
392;146421;H;LIMA;25718;CORPORATE & INVESTMENT BANKING;1/03/1990
400;139346;H;LIMA;23432;BUSINESS DEVELOPMENT & DIGITAL BANKIN;27/06/1990
403;106146;M;LIMA;21628;OTROS;30/04/1991
404;102564;H;LIMA;25114;ENGINEERING;16/05/1991
407;61785;M;LIMA;23734;OTROS;25/05/1992
409;102356;H;LIMA;22002;ENGINEERING;8/06/1992
410;114574;M;LIMA;24073;ENGINEERING;23/07/1992
428;88182;M;PROVINCIA;18299;TALENTO & CULTURA;18/10/1993
445;126929;H;PROVINCIA;20420;CORPORATE & INVESTMENT BANKING;25/06/1981
519;72764;H;PROVINCIA;20764;RIESGOS;8/08/1988
520;123241;H;PROVINCIA;19674;BANCA EMPRESAS E INSTITUCIONES;20/03/1989
544;139212;H;PROVINCIA;23213;ENGINEERING;1/10/1984
559;123726;H;PROVINCIA;20829;CORPORATE & INVESTMENT BANKING;3/12/1987
587;90865;H;LIMA;24258;RIESGOS;23/05/1994
601;106970;H;LIMA;27210;ENGINEERING;10/02/1973
603;125072;M;LIMA;23987;BANCA EMPRESAS E INSTITUCIONES;1/02/1981
604;104234;M;LIMA;20401;BANCA EMPRESAS E INSTITUCIONES;14/09/1987
609;115297;H;LIMA;19614;ENGINEERING;16/06/1986
612;108234;H;LIMA;22036;ENGINEERING;30/12/1996
615;106098;H;PROVINCIA;22681;ENGINEERING;30/12/1996
617;126274;M;LIMA;20056;CORPORATE & INVESTMENT BANKING;1/03/2008
631;145652;M;LIMA;24240;CORPORATE & INVESTMENT BANKING;25/06/1997
647;109420;H;PROVINCIA;25241;ENGINEERING;30/09/1997
658;147727;H;LIMA;25927;ENGINEERING;10/12/1997
659;131200;M;PROVINCIA;23588;BUSINESS DEVELOPMENT & DIGITAL BANKIN;10/12/1997
679;140861;M;PROVINCIA;26900;CORPORATE & INVESTMENT BANKING;16/04/1998
712;102119;H;LIMA;19884;CORPORATE & INVESTMENT BANKING;2/11/1998
737;120237;M;LIMA;27978;ENGINEERING;17/01/2000
749;132339;H;LIMA;22583;ENGINEERING;16/08/2000
765;122528;M;PROVINCIA;21732;BANCA EMPRESAS E INSTITUCIONES;16/10/1999
824;120460;M;LIMA;28593;ENGINEERING;1/08/2001
836;124324;M;LIMA;28425;BANCA EMPRESAS E INSTITUCIONES;8/02/2001
841;86417;M;LIMA;27688;RIESGOS;1/03/2001
844;92592;H;LIMA;25972;RIESGOS;29/09/2001
857;91845;M;PROVINCIA;25515;RIESGOS;3/06/2008
858;142190;M;PROVINCIA;25205;BUSINESS DEVELOPMENT & DIGITAL BANKIN;7/12/2001
861;78131;H;PROVINCIA;22648;OTROS;25/08/2001
863;93163;H;PROVINCIA;26447;RIESGOS;4/10/2001
869;107347;M;LIMA;23609;BUSINESS DEVELOPMENT & DIGITAL BANKIN;27/02/2001
923;122996;M;LIMA;28892;BANCA EMPRESAS E INSTITUCIONES;1/05/2002
935;122000;H;LIMA;28073;BANCA EMPRESAS E INSTITUCIONES;4/05/2002
975;134182;M;LIMA;28570;ENGINEERING;16/10/2000
981;116417;M;LIMA;29322;ENGINEERING;15/12/2001
1014;67683;M;LIMA;29195;OTROS;15/09/2016
1056;72927;M;LIMA;27578;TALENTO & CULTURA;19/03/2003
1082;99548;H;PROVINCIA;29001;OTROS;1/09/2002
1095;136481;M;LIMA;25447;BANCA EMPRESAS E INSTITUCIONES;29/10/1974
1110;92816;M;LIMA;28752;RIESGOS;25/11/2002
1111;97996;M;LIMA;29904;OTROS;2/12/2002
1159;148179;M;LIMA;30739;BUSINESS DEVELOPMENT & DIGITAL BANKIN;1/01/2003
1195;105883;M;LIMA;29932;BANCA EMPRESAS E INSTITUCIONES;7/07/2005
1196;140309;H;LIMA;30240;BANCA EMPRESAS E INSTITUCIONES;1/01/2006
1208;106228;M;LIMA;30827;BANCA EMPRESAS E INSTITUCIONES;11/08/2005
1230;99102;H;LIMA;29040;RIESGOS;4/11/2005
1247;105156;M;PROVINCIA;30729;BANCA EMPRESAS E INSTITUCIONES;1/01/2008
1256;102519;M;LIMA;29948;BANCA EMPRESAS E INSTITUCIONES;12/12/2005
1294;115838;H;PROVINCIA;29627;BANCA EMPRESAS E INSTITUCIONES;2/03/2006
1307;64202;M;LIMA;30354;OTROS;1/02/2011
1313;138788;H;LIMA;30837;BANCA EMPRESAS E INSTITUCIONES;1/07/2007
1322;69008;M;LIMA;30213;OTROS;1/01/2008
1329;97815;M;LIMA;30702;RIESGOS;1/12/2009
1385;128423;M;LIMA;30816;ENGINEERING;1/04/2008
1403;100915;H;LIMA;31786;OTROS;30/09/2008
1405;143044;H;LIMA;27633;CORPORATE & INVESTMENT BANKING;1/10/2007
1443;82163;H;LIMA;28343;TALENTO & CULTURA;6/03/2006
1460;103088;M;LIMA;29529;ENGINEERING;1/05/2008
1490;143018;M;LIMA;25132;BUSINESS DEVELOPMENT & DIGITAL BANKIN;1/07/2008
1491;148931;M;LIMA;29840;BANCA EMPRESAS E INSTITUCIONES;1/12/2010
1492;98722;M;LIMA;30234;OTROS;1/07/2008
1499;131791;M;LIMA;29685;ENGINEERING;31/12/2008
1504;135540;M;LIMA;29781;BANCA EMPRESAS E INSTITUCIONES;2/02/2009
1532;106829;H;LIMA;28932;BUSINESS DEVELOPMENT & DIGITAL BANKIN;15/02/2017
1545;96850;M;LIMA;31476;RIESGOS;30/09/2008
1547;147040;H;LIMA;29956;BUSINESS DEVELOPMENT & DIGITAL BANKIN;30/09/2008
1563;127177;M;LIMA;23804;CORPORATE & INVESTMENT BANKING;1/06/2008
1579;105671;M;LIMA;24078;CORPORATE & INVESTMENT BANKING;1/10/2011
1580;138192;M;LIMA;31037;BANCA EMPRESAS E INSTITUCIONES;1/11/2010
1604;141493;H;PROVINCIA;30021;ENGINEERING;1/02/2007
1615;132567;M;LIMA;30608;ENGINEERING;31/12/2008
1651;81079;M;PROVINCIA;30761;RIESGOS;2/06/2008
1670;113530;M;LIMA;29108;CORPORATE & INVESTMENT BANKING;1/07/2010
1674;132370;H;LIMA;30079;BUSINESS DEVELOPMENT & DIGITAL BANKIN;12/04/2007
1676;68143;H;LIMA;32384;OTROS;30/09/2009
1684;139459;M;LIMA;31075;BANCA EMPRESAS E INSTITUCIONES;1/07/2009
1692;88767;M;LIMA;30169;RIESGOS;1/07/2011
1705;84831;M;LIMA;32212;RIESGOS;1/07/2010
1710;89104;M;PROVINCIA;29214;TALENTO & CULTURA;1/07/2009
1731;115972;M;LIMA;31271;CORPORATE & INVESTMENT BANKING;1/07/2009
1759;96620;M;PROVINCIA;31022;TALENTO & CULTURA;17/09/2007
1770;61875;M;PROVINCIA;30088;OTROS;1/01/2010
1772;121636;M;LIMA;30014;ENGINEERING;1/01/2010
1774;130359;H;LIMA;30876;CORPORATE & INVESTMENT BANKING;1/01/2010
1801;116214;M;LIMA;30485;BUSINESS DEVELOPMENT & DIGITAL BANKIN;1/01/2010
1826;79290;M;PROVINCIA;29747;OTROS;1/07/2011
1835;107773;H;LIMA;29430;ENGINEERING;1/02/2011
1838;88408;H;LIMA;29684;OTROS;1/01/2011
1841;148716;M;LIMA;30883;ENGINEERING;1/08/2013
1855;96990;H;LIMA;25867;RIESGOS;1/04/2011
1857;129898;H;LIMA;29357;ENGINEERING;1/02/2011
1858;112222;H;LIMA;27736;ENGINEERING;1/04/2011
1859;95480;H;LIMA;27821;OTROS;1/04/2011
1860;114155;M;LIMA;30387;ENGINEERING;1/04/2011
1861;105933;H;LIMA;28969;ENGINEERING;1/07/2011
1862;110456;M;LIMA;29795;ENGINEERING;1/01/2011
1863;86892;M;LIMA;29678;OTROS;1/04/2011
1880;107111;H;LIMA;28727;ENGINEERING;1/07/2011
1881;109612;M;LIMA;29412;CORPORATE & INVESTMENT BANKING;1/06/2009
1882;104772;M;LIMA;25524;ENGINEERING;1/12/2009
1883;81861;H;LIMA;22254;OTROS;1/01/2012
1885;65726;H;LIMA;29141;OTROS;31/10/2008
1886;87069;H;PROVINCIA;29431;OTROS;1/08/2010
1901;102139;H;LIMA;27046;OTROS;1/12/2012
1946;117731;M;PROVINCIA;29728;CORPORATE & INVESTMENT BANKING;1/07/2010
1983;104305;H;LIMA;30575;OTROS;17/05/2017
2002;102765;H;LIMA;29987;BUSINESS DEVELOPMENT & DIGITAL BANKIN;16/09/2008
2136;130421;M;LIMA;28768;BUSINESS DEVELOPMENT & DIGITAL BANKIN;1/07/2011
2142;149406;H;LIMA;23905;BANCA EMPRESAS E INSTITUCIONES;1/02/2012
2212;105880;M;LIMA;29452;BANCA EMPRESAS E INSTITUCIONES;1/09/2012
2228;129832;H;LIMA;30911;CORPORATE & INVESTMENT BANKING;1/12/2011
2237;97210;H;LIMA;28270;RIESGOS;1/01/2011
2268;133930;H;LIMA;31498;BUSINESS DEVELOPMENT & DIGITAL BANKIN;1/07/2012
2272;106081;H;LIMA;30229;OTROS;1/02/2012
2274;76480;M;PROVINCIA;31596;OTROS;1/04/2012
2302;143408;H;LIMA;30817;BUSINESS DEVELOPMENT & DIGITAL BANKIN;1/04/2012
2308;119589;M;LIMA;31117;ENGINEERING;1/04/2012
2317;83997;M;PROVINCIA;29124;RIESGOS;1/05/2012
2318;147396;M;LIMA;33396;BUSINESS DEVELOPMENT & DIGITAL BANKIN;1/07/2012
2356;142212;M;PROVINCIA;29872;BANCA EMPRESAS E INSTITUCIONES;1/05/2012
2360;134956;M;LIMA;30095;BUSINESS DEVELOPMENT & DIGITAL BANKIN;1/03/2013
2367;117613;M;LIMA;31078;ENGINEERING;1/06/2012
2370;130432;M;LIMA;30704;BUSINESS DEVELOPMENT & DIGITAL BANKIN;1/06/2012
2383;109078;H;LIMA;30420;BANCA EMPRESAS E INSTITUCIONES;1/07/2012
2386;65502;H;LIMA;28137;OTROS;1/08/2011
2394;136599;M;PROVINCIA;26731;BUSINESS DEVELOPMENT & DIGITAL BANKIN;1/08/2012
2404;119433;M;LIMA;26721;ENGINEERING;1/10/2012
2405;78333;M;LIMA;27222;OTROS;1/04/2012
2410;92862;H;PROVINCIA;31798;OTROS;1/05/2012
2411;90152;H;LIMA;32398;RIESGOS;1/08/2012
2414;116899;H;LIMA;30679;ENGINEERING;1/08/2012
2423;137010;H;LIMA;29817;CORPORATE & INVESTMENT BANKING;1/04/2011
2464;135729;H;LIMA;32377;ENGINEERING;1/05/2012
2467;118881;M;LIMA;32275;ENGINEERING;1/11/2012
2476;145050;H;PROVINCIA;32626;ENGINEERING;1/05/2013
2489;85774;H;LIMA;33429;TALENTO & CULTURA;1/11/2012
2503;126444;M;LIMA;33481;BANCA EMPRESAS E INSTITUCIONES;6/12/2010
2560;131592;M;LIMA;32315;BUSINESS DEVELOPMENT & DIGITAL BANKIN;31/07/2011
2589;114722;H;LIMA;31985;ENGINEERING;1/02/2013
2593;108722;H;LIMA;30179;BUSINESS DEVELOPMENT & DIGITAL BANKIN;1/12/2012
2610;136500;H;LIMA;33343;CORPORATE & INVESTMENT BANKING;1/02/2013
2611;118641;H;LIMA;30455;CORPORATE & INVESTMENT BANKING;1/02/2013
2626;130046;H;LIMA;28203;ENGINEERING;1/01/2013
2627;127641;M;LIMA;32347;ENGINEERING;1/02/2013
2629;75217;M;LIMA;31772;OTROS;1/10/2012
2638;68921;H;PROVINCIA;32205;OTROS;1/04/2013
2646;108065;M;PROVINCIA;29736;OTROS;1/04/2013
2647;114696;H;LIMA;30502;CORPORATE & INVESTMENT BANKING;1/04/2013
2672;137341;H;LIMA;33380;BUSINESS DEVELOPMENT & DIGITAL BANKIN;1/12/2012
2674;93162;M;PROVINCIA;28071;TALENTO & CULTURA;1/01/2013
2686;122572;H;LIMA;30712;CORPORATE & INVESTMENT BANKING;1/01/2013
2772;97890;M;PROVINCIA;30242;TALENTO & CULTURA;15/12/2013
2788;118567;H;PROVINCIA;31429;BUSINESS DEVELOPMENT & DIGITAL BANKIN;1/07/2013
2816;102020;M;LIMA;28631;ENGINEERING;1/12/2013
2832;140093;H;LIMA;33860;BUSINESS DEVELOPMENT & DIGITAL BANKIN;1/09/2013
2856;134548;M;LIMA;31048;CORPORATE & INVESTMENT BANKING;1/10/2013
2857;119448;H;LIMA;30063;BUSINESS DEVELOPMENT & DIGITAL BANKIN;1/10/2013
2862;105122;M;LIMA;30923;BANCA EMPRESAS E INSTITUCIONES;1/01/2014
2865;114395;M;LIMA;33587;ENGINEERING;1/01/2014
2873;147827;M;LIMA;29400;CORPORATE & INVESTMENT BANKING;1/02/2014
2874;118453;H;LIMA;33753;ENGINEERING;15/03/2012
2875;77825;H;LIMA;33825;OTROS;1/03/2013
2876;115794;H;PROVINCIA;25426;ENGINEERING;1/03/2013
2877;112634;M;PROVINCIA;29765;BANCA EMPRESAS E INSTITUCIONES;1/10/2013
2895;106507;H;LIMA;32302;ENGINEERING;1/10/2013
2898;107516;M;LIMA;31492;BUSINESS DEVELOPMENT & DIGITAL BANKIN;1/01/2014
2899;117264;M;LIMA;29786;BANCA EMPRESAS E INSTITUCIONES;1/10/2013
2903;132257;M;LIMA;29853;ENGINEERING;1/12/2013
2910;117446;M;LIMA;29282;ENGINEERING;1/08/2013
2915;148983;M;PROVINCIA;29667;ENGINEERING;1/11/2013
2935;146303;H;PROVINCIA;33548;ENGINEERING;1/01/2014
2938;141139;H;LIMA;29233;ENGINEERING;1/05/2015
2951;104721;M;LIMA;32895;OTROS;13/06/2012
2954;146559;M;LIMA;27692;BUSINESS DEVELOPMENT & DIGITAL BANKIN;1/07/2014
2957;122315;H;LIMA;32286;ENGINEERING;1/07/2013
2958;134338;M;LIMA;28552;BANCA EMPRESAS E INSTITUCIONES;1/01/2013
2970;146214;M;LIMA;31400;ENGINEERING;1/03/2014
2971;123445;H;LIMA;31170;BUSINESS DEVELOPMENT & DIGITAL BANKIN;1/05/2014
2972;146932;M;LIMA;32167;ENGINEERING;1/05/2014
2973;132010;M;LIMA;30583;ENGINEERING;1/05/2014
2976;102746;H;PROVINCIA;34110;BUSINESS DEVELOPMENT & DIGITAL BANKIN;1/08/2012
2978;141748;M;LIMA;33731;BUSINESS DEVELOPMENT & DIGITAL BANKIN;1/03/2014
2985;103965;M;PROVINCIA;31367;CORPORATE & INVESTMENT BANKING;1/07/2014
2998;107513;H;PROVINCIA;28639;OTROS;1/06/2014
3015;131477;H;LIMA;27421;ENGINEERING;1/07/2014
3016;112958;M;LIMA;29408;CORPORATE & INVESTMENT BANKING;1/05/2014
3020;136851;H;LIMA;31217;ENGINEERING;1/10/2012
3042;81823;H;LIMA;28377;TALENTO & CULTURA;1/06/2014
3072;84793;H;LIMA;32620;OTROS;24/02/2014
3081;73949;H;PROVINCIA;33065;OTROS;20/08/2013
3099;145089;M;LIMA;33102;ENGINEERING;1/01/2015
3153;149911;M;PROVINCIA;33433;BANCA EMPRESAS E INSTITUCIONES;1/06/2015
3179;104283;M;LIMA;33996;CORPORATE & INVESTMENT BANKING;1/04/2015
3189;120717;H;LIMA;33740;BUSINESS DEVELOPMENT & DIGITAL BANKIN;1/05/2013
3199;91000;M;LIMA;33108;RIESGOS;29/04/2013
3204;106869;H;PROVINCIA;30759;ENGINEERING;29/04/2013
3226;110766;M;PROVINCIA;31588;BUSINESS DEVELOPMENT & DIGITAL BANKIN;1/06/2015
3227;109304;M;LIMA;31390;BUSINESS DEVELOPMENT & DIGITAL BANKIN;1/06/2015
3228;123154;H;LIMA;31668;ENGINEERING;1/06/2015
3229;147789;H;LIMA;31635;ENGINEERING;1/04/2015
3230;135303;H;LIMA;29397;BUSINESS DEVELOPMENT & DIGITAL BANKIN;17/04/2015
3249;118837;H;PROVINCIA;32251;ENGINEERING;1/06/2015
3250;61174;M;PROVINCIA;29877;OTROS;1/03/2015
3259;137374;M;PROVINCIA;30386;ENGINEERING;13/08/2015
3265;104040;M;LIMA;33430;ENGINEERING;1/05/2015
3294;120349;M;PROVINCIA;32630;CORPORATE & INVESTMENT BANKING;1/07/2015
3295;105609;M;PROVINCIA;29110;OTROS;1/07/2015
3296;135395;M;PROVINCIA;30017;BUSINESS DEVELOPMENT & DIGITAL BANKIN;1/07/2015
3297;143479;M;LIMA;30036;CORPORATE & INVESTMENT BANKING;8/02/2016
3318;139553;M;LIMA;31207;CORPORATE & INVESTMENT BANKING;15/09/2013
3319;121713;M;LIMA;29988;BANCA EMPRESAS E INSTITUCIONES;16/09/2013
3347;129163;M;PROVINCIA;31082;BUSINESS DEVELOPMENT & DIGITAL BANKIN;1/06/2014
3368;130779;H;LIMA;31314;BANCA EMPRESAS E INSTITUCIONES;1/01/2015
3369;124369;H;LIMA;33904;BUSINESS DEVELOPMENT & DIGITAL BANKIN;1/07/2015
3372;105255;M;LIMA;32575;ENGINEERING;1/09/2015
3373;102515;M;LIMA;34229;RIESGOS;1/01/2016
3374;71001;H;PROVINCIA;33862;OTROS;15/01/2014
3425;109834;H;LIMA;33597;BUSINESS DEVELOPMENT & DIGITAL BANKIN;1/05/2015
3435;96211;M;PROVINCIA;31630;RIESGOS;1/04/2016
3437;111655;H;PROVINCIA;34684;ENGINEERING;1/12/2015
3439;145172;H;PROVINCIA;33139;ENGINEERING;1/04/2016
3463;148710;M;LIMA;34204;ENGINEERING;1/06/2017
3464;133349;H;LIMA;33969;CORPORATE & INVESTMENT BANKING;1/05/2015
3465;85241;M;LIMA;32161;RIESGOS;6/04/2017
3494;148226;M;LIMA;32560;ENGINEERING;1/04/2016
3497;99439;H;LIMA;27480;RIESGOS;1/04/2016
3530;112236;M;LIMA;29666;BUSINESS DEVELOPMENT & DIGITAL BANKIN;1/04/2016
3531;127211;H;LIMA;33460;CORPORATE & INVESTMENT BANKING;1/04/2016
3532;84189;H;LIMA;32941;RIESGOS;1/04/2016
3537;74291;M;PROVINCIA;34830;RIESGOS;15/07/2014
3599;120487;M;PROVINCIA;33552;BUSINESS DEVELOPMENT & DIGITAL BANKIN;1/06/2016
3600;100027;H;LIMA;33056;RIESGOS;1/08/2016
3601;133169;H;LIMA;31130;BUSINESS DEVELOPMENT & DIGITAL BANKIN;1/08/2016
3602;125753;H;LIMA;34460;BUSINESS DEVELOPMENT & DIGITAL BANKIN;1/09/2016
3605;104889;H;LIMA;30026;RIESGOS;1/10/2014
3606;145557;H;LIMA;32441;BUSINESS DEVELOPMENT & DIGITAL BANKIN;1/10/2014
3607;121849;H;LIMA;33659;BUSINESS DEVELOPMENT & DIGITAL BANKIN;1/10/2014
3608;83435;M;LIMA;30393;RIESGOS;1/10/2014
3642;135966;M;LIMA;30887;BUSINESS DEVELOPMENT & DIGITAL BANKIN;1/10/2016
3657;145459;H;LIMA;29996;BANCA EMPRESAS E INSTITUCIONES;1/11/2014
3684;145694;M;PROVINCIA;31778;ENGINEERING;15/08/2016
3685;113610;H;LIMA;29605;ENGINEERING;1/01/2016
3689;103099;H;LIMA;34113;BANCA EMPRESAS E INSTITUCIONES;15/07/2015
3716;145224;M;LIMA;34543;ENGINEERING;15/02/2015
3717;105178;M;LIMA;32462;ENGINEERING;15/02/2015
3718;91584;H;PROVINCIA;33124;TALENTO & CULTURA;15/02/2015
3739;101756;M;LIMA;30370;TALENTO & CULTURA;1/03/2017
3750;136088;H;LIMA;32432;ENGINEERING;15/03/2015
3752;87886;H;LIMA;32339;RIESGOS;1/03/2017
3754;76032;M;LIMA;34569;RIESGOS;1/01/2017
3755;87362;M;LIMA;32195;RIESGOS;1/01/2017
3756;130724;H;LIMA;34289;BUSINESS DEVELOPMENT & DIGITAL BANKIN;1/03/2017
3781;114505;M;LIMA;35305;ENGINEERING;1/01/2017
3833;108990;M;PROVINCIA;34724;ENGINEERING;1/06/2015
3835;109156;H;PROVINCIA;34331;ENGINEERING;1/06/2017
3836;119586;M;PROVINCIA;33317;ENGINEERING;1/05/2017
3839;143654;M;PROVINCIA;31943;BANCA EMPRESAS E INSTITUCIONES;1/01/2018
3840;120503;H;LIMA;29360;BANCA EMPRESAS E INSTITUCIONES;1/06/2017
3841;118055;H;LIMA;33154;ENGINEERING;1/06/2017
3842;145286;M;LIMA;31879;ENGINEERING;15/06/2015
3872;139635;H;LIMA;31245;CORPORATE & INVESTMENT BANKING;1/06/2017
3873;87464;H;LIMA;29781;RIESGOS;1/05/2017
3874;141001;H;LIMA;33538;CORPORATE & INVESTMENT BANKING;1/05/2017
3876;149260;M;LIMA;32431;BANCA EMPRESAS E INSTITUCIONES;1/06/2017
3917;86965;H;LIMA;32404;RIESGOS;1/05/2016
3918;101765;H;LIMA;31904;RIESGOS;1/02/2017
3919;114567;M;LIMA;32442;ENGINEERING;1/02/2017
3920;116337;H;LIMA;33201;BANCA EMPRESAS E INSTITUCIONES;1/09/2015
3921;77821;H;LIMA;32657;RIESGOS;1/09/2015
3923;84630;H;LIMA;30050;RIESGOS;1/09/2015
3954;86761;M;LIMA;31412;OTROS;14/09/2016
3955;83424;H;LIMA;31600;OTROS;14/09/2016
3956;148165;M;LIMA;32875;BUSINESS DEVELOPMENT & DIGITAL BANKIN;1/02/2017
3957;79912;H;LIMA;30627;RIESGOS;1/09/2017
3960;93938;H;LIMA;31897;RIESGOS;1/09/2017
3961;106317;H;LIMA;29126;BUSINESS DEVELOPMENT & DIGITAL BANKIN;1/08/2017
3984;100872;M;LIMA;30033;RIESGOS;1/09/2017
3985;121148;M;LIMA;31969;BUSINESS DEVELOPMENT & DIGITAL BANKIN;1/09/2017
3986;135125;M;LIMA;31878;BANCA EMPRESAS E INSTITUCIONES;1/11/2017
3989;100105;M;PROVINCIA;32045;RIESGOS;1/09/2017
3990;116414;M;PROVINCIA;29938;BUSINESS DEVELOPMENT & DIGITAL BANKIN;1/09/2017
3991;92905;M;PROVINCIA;27882;RIESGOS;1/09/2017
3992;75518;H;PROVINCIA;31208;RIESGOS;1/09/2017
3994;89346;H;PROVINCIA;29425;OTROS;1/09/2017
3998;96402;H;LIMA;32240;RIESGOS;1/06/2017
4036;123450;M;LIMA;32346;BUSINESS DEVELOPMENT & DIGITAL BANKIN;16/11/2015
4037;77934;H;LIMA;32141;RIESGOS;15/11/2015
4038;93485;H;LIMA;34543;RIESGOS;1/05/2018
4051;73465;H;LIMA;32397;TALENTO & CULTURA;1/11/2017
4079;108070;H;LIMA;33698;BUSINESS DEVELOPMENT & DIGITAL BANKIN;1/09/2017
4080;78072;M;LIMA;33563;OTROS;1/01/2018
4106;63260;M;LIMA;32852;OTROS;1/02/2016
4107;132988;M;LIMA;32025;BUSINESS DEVELOPMENT & DIGITAL BANKIN;1/01/2018
4114;143024;H;LIMA;32787;ENGINEERING;15/02/2016
4115;95553;H;LIMA;32625;OTROS;15/02/2016
4118;133129;M;LIMA;33386;ENGINEERING;15/05/2017
4119;125997;H;LIMA;31478;ENGINEERING;1/10/2016
4120;124704;H;LIMA;29078;ENGINEERING;15/02/2016
4141;109768;M;LIMA;32128;BUSINESS DEVELOPMENT & DIGITAL BANKIN;1/02/2018
4142;122348;H;LIMA;33576;CORPORATE & INVESTMENT BANKING;1/02/2018
4143;74964;H;LIMA;34432;OTROS;1/02/2018
4148;113915;M;LIMA;34777;BUSINESS DEVELOPMENT & DIGITAL BANKIN;15/08/2017
4197;109185;H;PROVINCIA;33591;ENGINEERING;1/05/2016
4198;141276;M;LIMA;34145;ENGINEERING;15/12/2017
4199;119961;M;LIMA;34083;ENGINEERING;2/05/2016
4200;136952;H;LIMA;34081;ENGINEERING;1/05/2016
4201;102755;H;LIMA;29695;ENGINEERING;1/05/2016
4202;140393;M;LIMA;31704;ENGINEERING;1/05/2016
4203;147079;H;LIMA;31445;ENGINEERING;1/05/2016
4204;140167;M;LIMA;32965;ENGINEERING;1/05/2016
4205;112523;M;LIMA;33553;ENGINEERING;1/05/2016
4206;148389;M;LIMA;33290;ENGINEERING;1/05/2016
4208;114350;M;LIMA;32592;ENGINEERING;1/05/2016
4209;71986;H;LIMA;32205;OTROS;1/03/2018
4210;65237;H;LIMA;32998;OTROS;1/03/2018
4211;115477;M;LIMA;31696;ENGINEERING;1/05/2018
4227;98500;H;LIMA;32734;OTROS;12/07/2017
4248;102588;M;LIMA;34037;RIESGOS;1/06/2016
4294;113261;M;LIMA;33977;BUSINESS DEVELOPMENT & DIGITAL BANKIN;1/07/2016
4394;113437;H;LIMA;34649;BANCA EMPRESAS E INSTITUCIONES;1/06/2018
4395;94742;H;LIMA;29640;RIESGOS;1/06/2018
4422;120805;H;LIMA;31597;BANCA EMPRESAS E INSTITUCIONES;20/09/2016
4423;142243;M;LIMA;32951;BUSINESS DEVELOPMENT & DIGITAL BANKIN;1/10/2017
4424;139306;M;LIMA;29068;ENGINEERING;1/10/2016
4425;112896;M;LIMA;32125;BUSINESS DEVELOPMENT & DIGITAL BANKIN;1/10/2016
4426;142327;H;LIMA;35384;BUSINESS DEVELOPMENT & DIGITAL BANKIN;1/10/2016
4427;138348;H;LIMA;33770;BUSINESS DEVELOPMENT & DIGITAL BANKIN;1/10/2016
4428;140187;M;LIMA;31582;BUSINESS DEVELOPMENT & DIGITAL BANKIN;1/10/2016
4452;108886;H;LIMA;32518;ENGINEERING;3/10/2016
4454;139363;M;LIMA;33088;BUSINESS DEVELOPMENT & DIGITAL BANKIN;1/07/2018
4455;102565;M;LIMA;34237;ENGINEERING;1/07/2018
4456;114939;M;LIMA;34605;ENGINEERING;1/07/2018
4458;128944;M;LIMA;31969;CORPORATE & INVESTMENT BANKING;1/07/2018
4459;79801;M;LIMA;30783;OTROS;1/10/2016
4460;136319;H;LIMA;32750;BUSINESS DEVELOPMENT & DIGITAL BANKIN;1/10/2016
4461;131021;H;PROVINCIA;31766;ENGINEERING;1/06/2018
4464;83743;M;LIMA;33954;RIESGOS;1/07/2018
4465;139932;M;LIMA;34417;BUSINESS DEVELOPMENT & DIGITAL BANKIN;1/07/2018
4466;103173;M;PROVINCIA;34430;BUSINESS DEVELOPMENT & DIGITAL BANKIN;11/10/2016
4476;111478;H;LIMA;33174;BANCA EMPRESAS E INSTITUCIONES;10/04/2017
4516;144838;M;LIMA;31371;ENGINEERING;1/05/2018
4517;137646;M;PROVINCIA;33133;ENGINEERING;1/03/2018
4519;141482;M;PROVINCIA;31612;ENGINEERING;31/07/2018
4520;88715;M;LIMA;35343;RIESGOS;1/08/2018
4521;110920;H;LIMA;34971;BUSINESS DEVELOPMENT & DIGITAL BANKIN;1/08/2018
4536;109655;H;LIMA;33103;BUSINESS DEVELOPMENT & DIGITAL BANKIN;15/11/2016
4573;122813;M;LIMA;29158;ENGINEERING;1/01/2017
4579;143369;H;LIMA;33648;BUSINESS DEVELOPMENT & DIGITAL BANKIN;1/01/2017
4581;84872;H;LIMA;35476;TALENTO & CULTURA;1/01/2017
4610;113345;H;LIMA;34758;BUSINESS DEVELOPMENT & DIGITAL BANKIN;1/02/2017
4635;96511;H;LIMA;34423;TALENTO & CULTURA;7/02/2017
4638;110317;H;LIMA;30899;BUSINESS DEVELOPMENT & DIGITAL BANKIN;15/02/2017
4639;146417;M;LIMA;32405;BANCA EMPRESAS E INSTITUCIONES;15/02/2017
4642;137682;M;PROVINCIA;32700;BUSINESS DEVELOPMENT & DIGITAL BANKIN;14/02/2017
4670;143311;M;PROVINCIA;32208;ENGINEERING;7/03/2017
4671;85213;H;LIMA;32723;OTROS;7/03/2017
4674;100561;M;PROVINCIA;31660;TALENTO & CULTURA;7/03/2017
4721;101763;M;LIMA;32770;OTROS;21/03/2017
4777;93259;H;LIMA;33925;TALENTO & CULTURA;9/05/2017
4783;118196;M;LIMA;29692;CORPORATE & INVESTMENT BANKING;9/05/2017
4785;115232;H;LIMA;31955;BANCA EMPRESAS E INSTITUCIONES;9/05/2017
4787;130101;H;LIMA;32043;ENGINEERING;22/05/2017
4790;74771;M;LIMA;32421;TALENTO & CULTURA;18/05/2018
4808;88744;M;LIMA;32961;TALENTO & CULTURA;1/06/2017
4809;91557;H;LIMA;29082;TALENTO & CULTURA;1/06/2017
4810;74348;H;PROVINCIA;33729;TALENTO & CULTURA;1/06/2017
4813;108018;M;LIMA;31863;CORPORATE & INVESTMENT BANKING;6/06/2017
4820;107782;H;PROVINCIA;32563;OTROS;6/06/2017
4879;110771;M;LIMA;33151;BUSINESS DEVELOPMENT & DIGITAL BANKIN;17/07/2017
4880;96351;M;LIMA;31623;RIESGOS;18/07/2017
4881;109852;H;LIMA;32354;OTROS;18/07/2017
4883;144167;M;LIMA;33300;BUSINESS DEVELOPMENT & DIGITAL BANKIN;18/07/2017
4884;114883;H;LIMA;31613;BUSINESS DEVELOPMENT & DIGITAL BANKIN;18/07/2017
4885;142790;H;LIMA;34560;BUSINESS DEVELOPMENT & DIGITAL BANKIN;18/07/2017
4886;102839;M;LIMA;30210;OTROS;1/07/2018
4887;63726;H;LIMA;33817;OTROS;18/07/2017
4888;70793;M;LIMA;31309;OTROS;18/07/2017
4892;119032;H;LIMA;28290;ENGINEERING;18/07/2017
4893;104765;M;LIMA;29907;RIESGOS;18/07/2017
4915;89705;H;LIMA;30010;TALENTO & CULTURA;1/08/2017
4917;104680;H;LIMA;33955;BUSINESS DEVELOPMENT & DIGITAL BANKIN;1/08/2017
4918;144730;M;LIMA;34173;BUSINESS DEVELOPMENT & DIGITAL BANKIN;1/08/2017
4925;106868;H;PROVINCIA;31513;BUSINESS DEVELOPMENT & DIGITAL BANKIN;1/08/2017
4926;82643;M;LIMA;33283;OTROS;1/08/2017
5004;127156;H;LIMA;34761;BUSINESS DEVELOPMENT & DIGITAL BANKIN;5/09/2017
5005;97213;H;LIMA;33522;OTROS;5/09/2017
5006;104824;H;LIMA;32785;ENGINEERING;5/09/2017
5007;79276;M;LIMA;29307;OTROS;5/09/2017
5011;129835;H;LIMA;32400;ENGINEERING;15/09/2017
5012;97590;H;LIMA;32094;TALENTO & CULTURA;15/09/2017
5014;100803;H;LIMA;32999;TALENTO & CULTURA;15/09/2017
5049;111679;M;LIMA;32035;BUSINESS DEVELOPMENT & DIGITAL BANKIN;18/09/2017
5050;114889;M;LIMA;31333;BANCA EMPRESAS E INSTITUCIONES;19/09/2017
5070;113322;H;LIMA;32044;ENGINEERING;3/10/2017
5134;111794;H;LIMA;32065;ENGINEERING;16/10/2017
5188;65725;M;LIMA;34141;OTROS;2/11/2017
5189;133487;M;PROVINCIA;34215;ENGINEERING;2/11/2017
5191;133885;H;PROVINCIA;35298;ENGINEERING;2/11/2017
5192;103168;H;LIMA;34213;ENGINEERING;2/11/2017
5193;135333;H;LIMA;33905;ENGINEERING;2/11/2017
5194;108067;M;PROVINCIA;34670;ENGINEERING;2/11/2017
5195;148415;H;LIMA;33805;ENGINEERING;2/11/2017
5196;102412;H;LIMA;35482;BUSINESS DEVELOPMENT & DIGITAL BANKIN;2/11/2017
5197;104024;M;PROVINCIA;33822;TALENTO & CULTURA;2/11/2017
5199;93603;H;LIMA;31024;RIESGOS;2/11/2017
5200;109203;M;PROVINCIA;31656;ENGINEERING;2/11/2017
5201;104361;M;PROVINCIA;33685;CORPORATE & INVESTMENT BANKING;2/11/2017
5202;85127;M;LIMA;29542;OTROS;2/11/2017
5203;113144;H;LIMA;33090;ENGINEERING;2/11/2017
5247;139264;M;LIMA;34306;ENGINEERING;20/11/2017
5264;138368;M;LIMA;32966;ENGINEERING;1/12/2017
5265;75958;H;LIMA;32176;RIESGOS;1/12/2017
5298;102623;H;LIMA;31895;ENGINEERING;1/01/2018
5299;117329;M;LIMA;33143;BANCA EMPRESAS E INSTITUCIONES;1/01/2018
5303;125047;M;LIMA;30216;CORPORATE & INVESTMENT BANKING;1/01/2018
5368;77714;M;LIMA;28206;OTROS;1/02/2018
5370;90698;M;PROVINCIA;31344;OTROS;29/01/2018
5379;132165;H;LIMA;32040;BUSINESS DEVELOPMENT & DIGITAL BANKIN;29/01/2018
5383;75361;M;LIMA;28939;OTROS;29/01/2018
5416;92056;H;LIMA;33051;TALENTO & CULTURA;6/02/2018
5417;94895;M;LIMA;31459;TALENTO & CULTURA;6/02/2018
5420;94876;M;LIMA;32057;TALENTO & CULTURA;6/02/2018
5421;89684;H;LIMA;34225;TALENTO & CULTURA;12/02/2018
5422;89992;M;LIMA;34473;TALENTO & CULTURA;12/02/2018
5423;73383;M;LIMA;32864;TALENTO & CULTURA;12/02/2018
5425;74986;H;LIMA;32387;TALENTO & CULTURA;12/02/2018
5433;80863;H;LIMA;27746;TALENTO & CULTURA;12/02/2018
5435;115511;H;PROVINCIA;32393;ENGINEERING;12/02/2018
5436;141204;M;LIMA;32796;ENGINEERING;12/02/2018
5438;116359;H;LIMA;34040;ENGINEERING;12/02/2018
5439;134123;H;LIMA;33431;ENGINEERING;12/02/2018
5452;63938;H;LIMA;31722;OTROS;15/02/2018
5453;107219;H;LIMA;30198;ENGINEERING;15/02/2018
5454;105358;H;LIMA;31378;OTROS;15/02/2018
5456;78945;M;LIMA;32288;OTROS;15/02/2018
5457;74582;H;LIMA;33918;OTROS;15/02/2018
5524;81577;H;LIMA;32498;TALENTO & CULTURA;13/03/2018
5648;90336;H;LIMA;34788;TALENTO & CULTURA;10/04/2018
5667;137906;H;LIMA;34077;BANCA EMPRESAS E INSTITUCIONES;17/04/2018
5680;113113;H;LIMA;33725;ENGINEERING;17/04/2018
5688;126536;H;LIMA;33338;BUSINESS DEVELOPMENT & DIGITAL BANKIN;17/04/2018
5689;116664;M;LIMA;33643;BUSINESS DEVELOPMENT & DIGITAL BANKIN;17/04/2018
5690;141759;H;LIMA;32659;ENGINEERING;17/04/2018
5691;124243;M;LIMA;32014;CORPORATE & INVESTMENT BANKING;17/04/2018
5692;147388;M;LIMA;32398;ENGINEERING;17/04/2018
5693;105425;H;LIMA;30025;CORPORATE & INVESTMENT BANKING;17/04/2018
5694;102183;M;LIMA;31127;CORPORATE & INVESTMENT BANKING;17/04/2018
5699;138102;H;LIMA;33679;BUSINESS DEVELOPMENT & DIGITAL BANKIN;17/04/2018
5798;85849;H;LIMA;33898;TALENTO & CULTURA;1/06/2018
5812;87766;M;LIMA;33294;TALENTO & CULTURA;1/06/2018
5813;101573;M;LIMA;31420;TALENTO & CULTURA;1/06/2018
5814;77746;M;PROVINCIA;32454;TALENTO & CULTURA;1/06/2018
5900;144659;M;LIMA;33195;BANCA EMPRESAS E INSTITUCIONES;12/06/2018
5905;97116;H;LIMA;33685;TALENTO & CULTURA;12/06/2018
5914;101817;H;LIMA;32177;TALENTO & CULTURA;12/06/2018
5915;93939;H;LIMA;34183;TALENTO & CULTURA;12/06/2018
5916;93705;M;LIMA;33474;TALENTO & CULTURA;12/06/2018
5917;95301;H;LIMA;31486;TALENTO & CULTURA;12/06/2018
5924;120862;M;LIMA;34474;ENGINEERING;12/06/2018
5948;103143;M;LIMA;33864;BUSINESS DEVELOPMENT & DIGITAL BANKIN;12/06/2018
5949;137016;H;LIMA;33011;CORPORATE & INVESTMENT BANKING;12/06/2018
5950;77529;M;LIMA;35822;TALENTO & CULTURA;12/06/2018
5952;80227;H;LIMA;32485;TALENTO & CULTURA;18/06/2018
5993;117048;M;LIMA;31466;BANCA EMPRESAS E INSTITUCIONES;22/06/2018
5994;92465;M;LIMA;30827;TALENTO & CULTURA;22/06/2018
5995;84757;M;LIMA;32058;TALENTO & CULTURA;22/06/2018
5996;72905;M;LIMA;33119;TALENTO & CULTURA;22/06/2018
6010;93363;H;LIMA;24657;TALENTO & CULTURA;1/07/2018
6011;88584;M;LIMA;24027;TALENTO & CULTURA;1/07/2018
6015;77325;M;PROVINCIA;27201;TALENTO & CULTURA;2/07/2018
6023;80412;M;LIMA;29182;TALENTO & CULTURA;1/07/2018
6027;73110;H;PROVINCIA;26241;TALENTO & CULTURA;1/07/2018
6054;125722;M;LIMA;26409;BANCA EMPRESAS E INSTITUCIONES;11/07/2018
6055;84763;M;LIMA;26298;TALENTO & CULTURA;11/07/2018
6059;138098;H;LIMA;31171;BUSINESS DEVELOPMENT & DIGITAL BANKIN;16/07/2018
6061;104755;M;PROVINCIA;29223;RIESGOS;16/07/2018
6089;103181;M;LIMA;32700;TALENTO & CULTURA;20/07/2018
6092;80561;M;LIMA;29090;TALENTO & CULTURA;20/07/2018
6094;97199;M;LIMA;31775;TALENTO & CULTURA;20/07/2018
6107;85378;M;LIMA;31314;TALENTO & CULTURA;20/07/2018
6116;88894;M;LIMA;28512;TALENTO & CULTURA;23/07/2018
6133;86495;H;LIMA;27038;TALENTO & CULTURA;26/07/2018
6138;78644;H;LIMA;30721;TALENTO & CULTURA;26/07/2018
6140;88798;H;LIMA;26630;TALENTO & CULTURA;26/07/2018
6141;140881;H;LIMA;26584;ENGINEERING;26/07/2018
6142;73984;M;LIMA;31579;TALENTO & CULTURA;26/07/2018
6148;113752;H;LIMA;32626;BUSINESS DEVELOPMENT & DIGITAL BANKIN;26/07/2018
6149;77183;M;LIMA;32396;TALENTO & CULTURA;26/07/2018
6158;113192;M;LIMA;32585;BANCA EMPRESAS E INSTITUCIONES;1/08/2018
6160;90474;M;PROVINCIA;33392;OTROS;1/08/2018
6178;138875;H;LIMA;32206;ENGINEERING;1/08/2018
6190;90713;M;LIMA;32334;TALENTO & CULTURA;1/08/2018
6196;101442;H;LIMA;25805;OTROS;3/08/2018
6206;79774;H;LIMA;27205;OTROS;3/08/2018
6214;61940;H;LIMA;32712;OTROS;3/08/2018
6219;103062;M;LIMA;31236;OTROS;3/08/2018
6225;68985;M;LIMA;28510;OTROS;3/08/2018
6229;117106;M;LIMA;26215;ENGINEERING;3/08/2018
6234;83144;M;LIMA;30507;RIESGOS;3/08/2018
6235;72104;H;LIMA;30998;RIESGOS;3/08/2018
6238;107601;M;LIMA;30442;ENGINEERING;10/08/2018
